{"cameraMode":{"drawMode":0,"name":"Shaded","section":"Shading Mode"},"sceneLighting":true,"audioPlay":false,"sceneViewState":{"m_AlwaysRefresh":false,"showFog":true,"showSkybox":true,"showFlares":true,"showImageEffects":true,"showParticleSystems":true,"showVisualEffectGraphs":true,"m_FxEnabled":true},"in2DMode":false,"pivot":{"x":428.4891662597656,"y":-197.69198608398438,"z":1989.8489990234375},"rotation":{"x":0.06474266946315766,"y":-0.02544723078608513,"z":0.0016554457833990455,"w":0.9975679516792297},"size":781.073974609375,"orthographic":false}