{"cameraMode":{"drawMode":0,"name":"Shaded","section":"Shading Mode"},"sceneLighting":true,"audioPlay":false,"sceneViewState":{"m_AlwaysRefresh":false,"showFog":true,"showSkybox":true,"showFlares":true,"showImageEffects":true,"showParticleSystems":true,"showVisualEffectGraphs":true,"m_FxEnabled":true},"in2DMode":false,"pivot":{"x":436.29803466796877,"y":-83.6161880493164,"z":1963.6873779296875},"rotation":{"x":-0.031796425580978397,"y":0.021896999329328538,"z":-0.0007085698307491839,"w":-0.9992449283599854},"size":781.073974609375,"orthographic":false}